Student_ID,Student_Name,Section,Admission_Date
S0001,Harsh Malhotra,D,2022-06-10
S0002,Vansh Nair,D,2024-06-15
S0003,Nikhil Tiwari,D,2022-12-05
S0004,Atharva Chopra,C,2023-11-14
S0005,Ira Sharma,D,2023-08-14
S0006,Rahul Deshmukh,B,2024-05-16
S0007,Pooja Pandey,D,2023-08-17
S0008,Rahul Mehta,A,2024-09-22
S0009,Tejas Gupta,B,2023-03-26
S0010,Harsh Sharma,D,2023-04-11
S0011,Arjun Singh,E,2024-03-23
S0012,Ritika Malhotra,D,2024-03-05
S0013,Pooja Chopra,E,2022-06-15
S0014,Nikhil Chauhan,E,2023-07-12
S0015,Ritika Reddy,C,2023-05-27
S0016,Vansh Chopra,A,2022-11-03
S0017,Pooja Pandey,C,2024-05-12
S0018,Sneha Kulkarni,C,2023-10-09
S0019,Muskan Bansal,D,2024-07-13
S0020,Ishaan Iyer,A,2023-05-28
S0021,Harsh Iyer,B,2022-12-06
S0022,Kavya Gupta,A,2024-02-27
S0023,Vansh Sharma,A,2022-10-04
S0024,Aarav Singh,A,2023-10-11
S0025,Aishwarya Pandey,D,2023-05-19
S0026,Aryan Verma,B,2023-01-24
S0027,Neha Sharma,F,2024-05-12
S0028,Aishwarya Malhotra,A,2023-06-08
S0029,Ira Mehta,A,2023-04-03
S0030,Atharva Chopra,E,2023-11-16
S0031,Krishna Chopra,E,2024-02-08
S0032,Krishna Pandey,F,2023-03-10
S0033,Ishaan Singh,D,2023-01-07
S0034,Ananya Deshmukh,A,2023-11-08
S0035,Aryan Iyer,C,2022-10-15
S0036,Arjun Tiwari,E,2023-04-17
S0037,Divya Kapoor,D,2024-02-03
S0038,Meera Deshmukh,A,2024-03-24
S0039,Neha Yadav,A,2022-11-01
S0040,Vivaan Sharma,E,2022-07-18
S0041,Aishwarya Kulkarni,C,2023-10-21
S0042,Rohan Yadav,A,2022-07-01
S0043,Rahul Sharma,E,2024-02-23
S0044,Kunal Tiwari,C,2023-06-15
S0045,Aarav Deshmukh,B,2024-03-23
S0046,Om Deshmukh,B,2022-12-28
S0047,Om Gupta,E,2024-06-28
S0048,Aarav Nair,E,2023-08-13
S0049,Nikhil Gupta,F,2024-10-19
S0050,Sanjay Bansal,A,2023-11-24
S0051,Priya Pandey,B,2023-09-19
S0052,Siddhi Patel,E,2022-09-29
S0053,Kunal Verma,C,2023-03-15
S0054,Siddhi Gupta,B,2023-12-25
S0055,Tanvi Kapoor,A,2022-10-31
S0056,Harsh Deshmukh,F,2023-09-20
S0057,Atharva Joshi,C,2023-02-08
S0058,Yash Joshi,A,2022-09-26
S0059,Meera Patel,E,2024-08-02
S0060,Aditya Deshmukh,F,2022-10-13
S0061,Tanvi Mehta,F,2023-10-24
S0062,Pooja Verma,E,2023-03-19
S0063,Rohan Sharma,E,2022-09-01
S0064,Ishaan Malhotra,A,2023-05-25
S0065,Pooja Nair,D,2023-08-19
S0066,Aarav Kulkarni,E,2023-06-08
S0067,Meera Deshmukh,E,2023-03-16
S0068,Vivaan Chopra,E,2024-05-17
S0069,Neha Yadav,B,2024-11-12
S0070,Ananya Pandey,A,2024-02-15
S0071,Muskan Iyer,F,2023-08-26
S0072,Sai Gupta,F,2022-12-02
S0073,Tanvi Pandey,B,2023-02-24
S0074,Ritika Nair,F,2022-06-03
S0075,Rahul Kulkarni,C,2022-10-15
S0076,Divya Nair,F,2023-12-27
S0077,Sanjay Patel,E,2024-10-07
S0078,Aryan Mehta,F,2023-04-06
S0079,Siddhi Tiwari,B,2022-07-05
S0080,Sai Tiwari,E,2022-09-17
S0081,Rohan Verma,C,2024-10-09
S0082,Sneha Singh,E,2022-10-14
S0083,Nikhil Chauhan,B,2024-02-22
S0084,Diya Mehta,D,2024-05-15
S0085,Nikhil Tiwari,A,2023-05-22
S0086,Yash Patel,E,2022-11-21
S0087,Kavya Kulkarni,C,2023-11-25
S0088,Aishwarya Patel,B,2022-12-22
S0089,Tejas Tiwari,C,2024-06-21
S0090,Om Deshmukh,F,2023-12-22
S0091,Priya Kapoor,D,2024-01-31
S0092,Vivaan Chauhan,F,2024-05-17
S0093,Priya Chopra,F,2023-11-21
S0094,Rohan Patel,C,2024-01-07
S0095,Muskan Deshmukh,A,2023-10-14
S0096,Rahul Nair,F,2023-06-17
S0097,Ananya Joshi,B,2024-11-15
S0098,Aditya Bansal,F,2023-07-17
S0099,Siddhi Malhotra,E,2023-08-29
S0100,Vansh Nair,E,2022-08-27
S0101,Ananya Verma,B,2022-12-05
S0102,Aditya Patel,F,2024-04-18
S0103,Aryan Kapoor,B,2023-04-28
S0104,Muskan Reddy,B,2024-09-04
S0105,Aditya Kulkarni,E,2023-10-05
S0106,Diya Mehta,D,2023-05-12
S0107,Yash Singh,C,2024-10-09
S0108,Divya Verma,C,2023-05-19
S0109,Yash Bansal,C,2023-01-20
S0110,Aryan Chopra,C,2024-10-06
S0111,Vivaan Kulkarni,D,2024-08-11
S0112,Rohan Malhotra,A,2024-09-30
S0113,Vansh Gupta,C,2023-02-05
S0114,Kavya Reddy,C,2024-02-11
S0115,Pooja Nair,B,2023-08-20
S0116,Ishaan Malhotra,F,2022-07-23
S0117,Arjun Malhotra,D,2023-05-04
S0118,Sneha Reddy,E,2023-02-03
S0119,Tanvi Deshmukh,F,2024-08-27
S0120,Ira Singh,B,2022-06-05
S0121,Pooja Kapoor,E,2024-11-08
S0122,Sneha Verma,C,2024-08-09
S0123,Sneha Verma,E,2024-10-27
S0124,Yash Reddy,B,2024-06-07
S0125,Siddhi Patel,D,2024-01-19
S0126,Aishwarya Tiwari,A,2024-08-04
S0127,Kavya Iyer,D,2023-11-22
S0128,Siddhi Chopra,A,2024-06-01
S0129,Aarav Nair,C,2024-05-23
S0130,Tejas Kapoor,D,2023-09-05
S0131,Arjun Chopra,E,2024-01-06
S0132,Aarav Kulkarni,C,2024-06-22
S0133,Sai Sharma,D,2024-10-19
S0134,Tejas Gupta,B,2023-09-24
S0135,Tanvi Reddy,E,2023-12-11
S0136,Tanvi Tiwari,B,2022-06-26
S0137,Aarav Malhotra,F,2024-11-04
S0138,Arjun Chopra,F,2023-06-15
S0139,Ira Patel,A,2022-11-12
S0140,Neha Tiwari,A,2023-12-24
S0141,Om Chauhan,E,2022-09-20
S0142,Tanvi Iyer,C,2023-07-09
S0143,Atharva Reddy,F,2023-08-29
S0144,Vansh Iyer,D,2024-11-04
S0145,Neha Deshmukh,C,2024-05-12
S0146,Atharva Verma,D,2023-02-09
S0147,Vivaan Sharma,C,2023-07-23
S0148,Priya Sharma,D,2022-09-14
S0149,Diya Malhotra,B,2022-07-30
S0150,Aditya Tiwari,B,2023-02-19
S0151,Rohan Iyer,C,2023-09-05
S0152,Kavya Verma,F,2024-08-10
S0153,Harsh Pandey,C,2024-11-02
S0154,Rohan Reddy,F,2023-10-26
S0155,Harsh Iyer,E,2024-06-23
S0156,Yash Mehta,E,2022-07-24
S0157,Meera Patel,C,2022-11-22
S0158,Rahul Deshmukh,A,2022-12-19
S0159,Ritika Iyer,B,2023-08-03
S0160,Ritika Kulkarni,C,2022-09-23
S0161,Siddhi Joshi,B,2024-08-01
S0162,Krishna Yadav,E,2022-11-24
S0163,Sanjay Patel,C,2023-06-23
S0164,Aryan Malhotra,C,2024-02-13
S0165,Sai Kulkarni,F,2024-11-17
S0166,Siddhi Singh,B,2022-08-08
S0167,Aarav Gupta,F,2023-12-22
S0168,Nikhil Kulkarni,D,2022-06-01
S0169,Aryan Mehta,C,2024-04-08
S0170,Ira Reddy,F,2022-12-17
S0171,Muskan Nair,C,2024-08-15
S0172,Aishwarya Yadav,F,2023-06-24
S0173,Tanvi Sharma,A,2024-09-20
S0174,Nikhil Reddy,C,2023-03-01
S0175,Krishna Chopra,D,2023-07-22
S0176,Om Kulkarni,D,2022-07-21
S0177,Kunal Reddy,E,2023-03-10
S0178,Divya Verma,E,2024-05-05
S0179,Aarav Joshi,D,2023-05-23
S0180,Pooja Reddy,C,2024-06-13
S0181,Vansh Mehta,F,2024-10-04
S0182,Yash Joshi,D,2023-02-08
S0183,Muskan Gupta,A,2022-08-18
S0184,Tejas Sharma,F,2022-07-26
S0185,Ira Iyer,A,2024-09-20
S0186,Vivaan Malhotra,B,2023-03-06
S0187,Sneha Chopra,B,2022-12-04
S0188,Siddhi Pandey,A,2023-06-11
S0189,Aditya Joshi,B,2023-10-17
S0190,Aishwarya Sharma,A,2023-09-24
S0191,Rohan Nair,D,2023-04-18
S0192,Sai Malhotra,B,2023-10-30
S0193,Sanjay Patel,B,2023-03-11
S0194,Kavya Nair,E,2024-10-07
S0195,Kunal Pandey,F,2023-02-16
S0196,Aditya Nair,D,2023-01-30
S0197,Atharva Nair,F,2024-07-15
S0198,Ananya Pandey,E,2023-03-27
S0199,Meera Singh,B,2023-10-05
S0200,Divya Joshi,F,2024-08-09
S0201,Aditya Kulkarni,D,2023-10-11
S0202,Yash Kapoor,E,2024-08-11
S0203,Aishwarya Kapoor,D,2024-06-27
S0204,Aryan Verma,C,2023-08-25
S0205,Muskan Tiwari,B,2023-07-08
S0206,Sneha Chopra,F,2022-10-31
S0207,Sanjay Nair,B,2023-01-25
S0208,Arjun Singh,F,2023-06-22
S0209,Divya Mehta,F,2023-02-08
S0210,Ananya Joshi,C,2023-03-06
S0211,Aryan Reddy,F,2024-04-12
S0212,Arjun Reddy,E,2023-06-30
S0213,Nikhil Malhotra,C,2023-03-16
S0214,Muskan Patel,F,2024-04-21
S0215,Tejas Mehta,F,2022-09-16
S0216,Sai Kapoor,A,2022-08-05
S0217,Arjun Pandey,A,2023-11-24
S0218,Om Gupta,F,2023-03-22
S0219,Tanvi Yadav,C,2024-03-19
S0220,Pooja Chauhan,B,2023-01-23
S0221,Sneha Joshi,F,2022-07-03
S0222,Tanvi Joshi,A,2023-10-30
S0223,Ishaan Sharma,C,2024-04-12
S0224,Atharva Verma,F,2022-06-30
S0225,Sai Kulkarni,C,2024-11-01
S0226,Atharva Verma,B,2023-06-09
S0227,Aarav Iyer,E,2022-11-15
S0228,Rohan Iyer,F,2023-04-30
S0229,Vivaan Yadav,E,2024-04-01
S0230,Tejas Deshmukh,D,2024-08-30
S0231,Aishwarya Iyer,E,2022-12-08
S0232,Divya Pandey,A,2024-10-03
S0233,Meera Bansal,D,2023-04-14
S0234,Krishna Iyer,D,2024-08-08
S0235,Meera Iyer,A,2024-04-30
S0236,Pooja Mehta,B,2022-07-26
S0237,Ananya Mehta,E,2022-11-18
S0238,Harsh Gupta,F,2024-05-26
S0239,Meera Pandey,B,2023-01-25
S0240,Neha Chopra,C,2024-11-04
S0241,Meera Mehta,F,2023-05-08
S0242,Vansh Singh,F,2023-06-23
S0243,Kunal Iyer,E,2023-06-18
S0244,Vivaan Deshmukh,E,2022-07-12
S0245,Vivaan Malhotra,D,2023-10-13
S0246,Ananya Joshi,B,2022-07-03
S0247,Diya Gupta,E,2024-03-24
S0248,Priya Chauhan,C,2022-11-02
S0249,Harsh Sharma,F,2022-11-11
S0250,Atharva Malhotra,D,2023-02-26
S0251,Nikhil Verma,B,2022-10-31
S0252,Nikhil Mehta,C,2022-07-14
S0253,Tejas Malhotra,A,2024-11-17
S0254,Sai Pandey,E,2023-09-16
S0255,Divya Deshmukh,E,2023-03-27
S0256,Pooja Chopra,D,2023-01-28
S0257,Ira Yadav,C,2022-11-27
S0258,Aishwarya Tiwari,F,2023-02-04
S0259,Neha Verma,F,2023-06-29
S0260,Sanjay Singh,C,2024-03-15
S0261,Tanvi Kapoor,D,2022-11-26
S0262,Rohan Bansal,B,2023-11-04
S0263,Vansh Pandey,A,2024-04-10
S0264,Krishna Chopra,C,2022-10-31
S0265,Nikhil Reddy,D,2024-01-02
S0266,Atharva Yadav,C,2022-11-22
S0267,Harsh Malhotra,F,2022-07-26
S0268,Aryan Kapoor,F,2023-08-01
S0269,Om Nair,A,2024-09-28
S0270,Neha Kulkarni,C,2024-06-09
S0271,Siddhi Verma,B,2023-09-10
S0272,Siddhi Patel,D,2023-10-10
S0273,Siddhi Patel,D,2024-03-09
S0274,Kunal Chopra,F,2023-09-24
S0275,Tanvi Iyer,B,2022-09-06
S0276,Muskan Kulkarni,F,2023-08-20
S0277,Ishaan Iyer,F,2022-11-25
S0278,Diya Pandey,C,2022-07-28
S0279,Yash Kapoor,A,2024-04-26
S0280,Rahul Iyer,A,2022-12-17
S0281,Meera Tiwari,A,2023-06-22
S0282,Rahul Joshi,C,2022-10-18
S0283,Pooja Singh,C,2024-01-17
S0284,Ritika Pandey,C,2024-01-12
S0285,Aishwarya Tiwari,A,2022-07-17
S0286,Ritika Sharma,D,2022-09-29
S0287,Ritika Kulkarni,A,2023-06-28
S0288,Ishaan Chauhan,C,2024-06-26
S0289,Sneha Deshmukh,B,2024-04-09
S0290,Aishwarya Gupta,F,2022-09-01
S0291,Atharva Mehta,E,2022-08-14
S0292,Ishaan Kapoor,B,2022-09-13
S0293,Kunal Patel,A,2023-10-12
S0294,Neha Sharma,B,2024-10-10
S0295,Siddhi Reddy,F,2023-08-14
S0296,Siddhi Kulkarni,E,2024-11-17
S0297,Harsh Tiwari,D,2022-10-02
S0298,Diya Mehta,D,2024-07-22
S0299,Neha Verma,F,2024-09-09
S0300,Divya Tiwari,D,2024-07-05
S0301,Tejas Singh,F,2022-11-25
S0302,Kunal Chauhan,B,2022-08-29
S0303,Aishwarya Mehta,F,2024-05-31
S0304,Rohan Tiwari,F,2023-01-31
S0305,Aditya Patel,F,2022-08-09
S0306,Diya Iyer,E,2023-03-29
S0307,Sai Nair,B,2023-04-26
S0308,Rohan Bansal,D,2023-06-07
S0309,Ishaan Chopra,C,2022-09-26
S0310,Yash Kulkarni,D,2022-06-11
S0311,Ishaan Tiwari,A,2023-04-22
S0312,Sai Kulkarni,F,2022-12-10
S0313,Ishaan Reddy,F,2024-03-01
S0314,Rahul Joshi,A,2024-11-07
S0315,Krishna Patel,F,2024-07-12
S0316,Neha Reddy,A,2022-12-18
S0317,Ira Verma,A,2023-02-02
S0318,Muskan Chopra,F,2024-11-07
S0319,Harsh Patel,D,2022-06-09
S0320,Aishwarya Iyer,C,2024-01-27
S0321,Neha Deshmukh,E,2024-01-30
S0322,Kavya Sharma,F,2024-08-10
S0323,Tejas Singh,D,2023-07-17
S0324,Arjun Kapoor,E,2022-09-13
S0325,Vansh Tiwari,E,2023-03-29
S0326,Harsh Nair,E,2022-09-24
S0327,Ritika Sharma,F,2023-09-09
S0328,Ira Sharma,A,2022-09-08
S0329,Atharva Nair,A,2023-10-04
S0330,Priya Joshi,A,2022-06-26
S0331,Neha Kulkarni,B,2022-10-16
S0332,Sai Reddy,B,2024-02-02
S0333,Aarav Malhotra,F,2023-10-04
S0334,Om Verma,F,2024-04-19
S0335,Ira Sharma,C,2023-05-27
S0336,Tanvi Verma,F,2023-08-29
S0337,Aditya Nair,E,2022-11-10
S0338,Om Chauhan,F,2023-02-23
S0339,Ananya Kapoor,F,2022-08-01
S0340,Yash Chauhan,D,2022-11-07
S0341,Vivaan Mehta,C,2024-09-07
S0342,Nikhil Sharma,E,2024-04-04
S0343,Meera Chauhan,A,2023-06-09
S0344,Ira Singh,C,2024-07-08
S0345,Diya Chauhan,A,2022-10-22
S0346,Divya Reddy,E,2023-03-19
S0347,Pooja Yadav,B,2022-07-19
S0348,Ritika Chopra,C,2024-09-18
S0349,Aryan Deshmukh,E,2024-08-15
S0350,Neha Patel,A,2024-10-29
S0351,Aarav Deshmukh,C,2024-05-03
S0352,Meera Yadav,E,2022-12-08
S0353,Diya Chopra,E,2024-06-23
S0354,Ananya Mehta,E,2023-08-27
S0355,Siddhi Pandey,E,2023-08-30
S0356,Om Singh,E,2023-12-07
S0357,Siddhi Bansal,B,2024-04-07
S0358,Arjun Bansal,D,2023-06-10
S0359,Arjun Pandey,F,2022-06-06
S0360,Diya Joshi,D,2022-11-03
S0361,Aryan Singh,A,2023-09-10
S0362,Kunal Tiwari,C,2022-10-20
S0363,Om Patel,B,2022-10-04
S0364,Harsh Patel,A,2024-04-30
S0365,Vansh Patel,A,2022-08-24
S0366,Om Nair,C,2022-12-16
S0367,Krishna Kapoor,B,2022-08-08
S0368,Tanvi Iyer,A,2024-04-08
S0369,Atharva Patel,C,2022-10-07
S0370,Yash Kulkarni,B,2023-02-22
S0371,Harsh Joshi,F,2023-02-16
S0372,Sai Bansal,D,2024-03-15
S0373,Sai Nair,E,2024-01-11
S0374,Ira Yadav,B,2024-01-10
S0375,Vivaan Patel,D,2023-08-25
S0376,Muskan Reddy,F,2024-08-29
S0377,Tanvi Deshmukh,D,2023-05-09
S0378,Kavya Reddy,B,2024-09-27
S0379,Kunal Nair,E,2023-09-12
S0380,Ishaan Bansal,A,2023-10-20
S0381,Sai Yadav,F,2024-06-27
S0382,Rohan Bansal,A,2024-08-29
S0383,Ishaan Iyer,A,2023-09-14
S0384,Aarav Chopra,D,2023-04-28
S0385,Atharva Tiwari,E,2023-07-30
S0386,Neha Reddy,F,2022-09-12
S0387,Sanjay Iyer,D,2024-03-17
S0388,Diya Chauhan,E,2023-12-19
S0389,Yash Kapoor,D,2022-06-06
S0390,Om Bansal,D,2024-06-03
S0391,Priya Patel,E,2024-07-31
S0392,Muskan Kapoor,B,2022-09-03
S0393,Pooja Kulkarni,B,2024-11-08
S0394,Rahul Verma,B,2023-01-08
S0395,Siddhi Bansal,E,2022-10-16
S0396,Aryan Bansal,B,2023-02-02
S0397,Pooja Verma,D,2023-10-09
S0398,Atharva Chopra,F,2024-03-09
S0399,Sai Gupta,C,2023-04-02
S0400,Tanvi Gupta,C,2023-06-27
S0401,Ritika Nair,B,2023-09-09
S0402,Sai Yadav,F,2022-12-02
S0403,Aryan Tiwari,A,2024-04-05
S0404,Yash Pandey,A,2022-08-14
S0405,Rohan Bansal,A,2024-08-28
S0406,Tanvi Bansal,C,2022-11-08
S0407,Siddhi Gupta,F,2024-11-05
S0408,Vansh Nair,A,2022-10-10
S0409,Arjun Yadav,F,2023-12-07
S0410,Sneha Mehta,A,2023-10-27
S0411,Vivaan Joshi,E,2023-05-19
S0412,Tanvi Chauhan,F,2023-04-15
S0413,Aishwarya Chauhan,A,2023-11-03
S0414,Aarav Bansal,E,2024-05-21
S0415,Tanvi Iyer,A,2023-03-29
S0416,Vivaan Malhotra,A,2024-10-10
S0417,Priya Iyer,C,2023-06-05
S0418,Nikhil Bansal,C,2022-12-02
S0419,Tanvi Sharma,C,2024-09-07
S0420,Siddhi Yadav,A,2023-04-30
S0421,Vansh Kulkarni,F,2024-03-27
S0422,Yash Mehta,C,2023-12-02
S0423,Tejas Kulkarni,F,2024-03-12
S0424,Sneha Iyer,B,2024-05-11
S0425,Atharva Patel,D,2023-03-31
S0426,Krishna Iyer,C,2022-11-05
S0427,Harsh Kulkarni,F,2022-08-20
S0428,Pooja Patel,C,2023-04-02
S0429,Pooja Chauhan,B,2022-12-15
S0430,Neha Iyer,B,2022-10-22
S0431,Neha Kulkarni,F,2022-08-05
S0432,Sneha Kulkarni,B,2024-01-11
S0433,Aditya Kulkarni,B,2024-06-16
S0434,Pooja Patel,F,2024-06-11
S0435,Aryan Bansal,B,2022-11-25
S0436,Kunal Reddy,C,2024-06-08
S0437,Priya Mehta,C,2023-11-05
S0438,Sai Deshmukh,C,2023-01-17
S0439,Vivaan Chopra,A,2024-01-15
S0440,Tanvi Kulkarni,D,2024-07-27
S0441,Kunal Verma,D,2022-11-20
S0442,Muskan Iyer,A,2023-12-23
S0443,Sai Chauhan,D,2023-07-11
S0444,Tanvi Kulkarni,B,2024-03-22
S0445,Kavya Verma,E,2024-09-13
S0446,Kavya Sharma,B,2024-07-31
S0447,Vivaan Malhotra,C,2022-09-17
S0448,Neha Gupta,D,2023-02-27
S0449,Siddhi Yadav,B,2023-09-28
S0450,Sneha Verma,E,2024-09-23
S0451,Sanjay Reddy,E,2024-04-10
S0452,Siddhi Chopra,A,2023-11-19
S0453,Muskan Malhotra,F,2024-08-01
S0454,Diya Reddy,C,2024-05-09
S0455,Ritika Kulkarni,D,2022-12-07
S0456,Rahul Tiwari,E,2023-05-30
S0457,Pooja Bansal,D,2023-02-23
S0458,Yash Kulkarni,A,2022-08-25
S0459,Ira Nair,D,2023-01-13
S0460,Ritika Verma,D,2024-04-05
S0461,Divya Patel,C,2023-03-04
S0462,Ira Joshi,D,2023-06-07
S0463,Vivaan Iyer,A,2024-09-15
S0464,Tejas Chopra,C,2024-09-15
S0465,Kunal Verma,F,2024-03-15
S0466,Atharva Bansal,D,2023-03-24
S0467,Neha Verma,D,2023-02-17
S0468,Aishwarya Joshi,A,2024-03-10
S0469,Vansh Kapoor,A,2022-07-11
S0470,Vivaan Kulkarni,C,2024-09-08
S0471,Vansh Singh,F,2022-12-30
S0472,Yash Bansal,D,2024-04-15
S0473,Ananya Gupta,B,2024-07-24
S0474,Nikhil Malhotra,B,2024-05-01
S0475,Aditya Kapoor,A,2024-06-03
S0476,Vansh Sharma,B,2024-09-19
S0477,Ananya Kapoor,D,2023-10-25
S0478,Sanjay Malhotra,A,2022-07-02
S0479,Harsh Iyer,E,2023-03-19
S0480,Ritika Verma,A,2023-10-04
S0481,Aarav Chopra,D,2022-08-18
S0482,Vansh Verma,A,2023-01-13
S0483,Yash Bansal,C,2022-08-13
S0484,Neha Iyer,B,2024-10-25
S0485,Arjun Verma,B,2024-03-13
S0486,Aarav Iyer,F,2023-11-11
S0487,Divya Reddy,F,2024-11-03
S0488,Ritika Chauhan,F,2024-03-15
S0489,Rahul Patel,B,2024-11-06
S0490,Tejas Sharma,A,2024-03-29
S0491,Arjun Chauhan,C,2024-09-15
S0492,Krishna Sharma,A,2022-06-25
S0493,Meera Singh,B,2023-11-04
S0494,Rahul Deshmukh,B,2024-08-01
S0495,Sneha Deshmukh,E,2023-12-29
S0496,Vivaan Mehta,C,2023-07-16
S0497,Rohan Reddy,F,2024-01-24
S0498,Sanjay Reddy,A,2023-04-08
S0499,Rahul Deshmukh,E,2022-10-14
S0500,Tejas Kulkarni,A,2022-10-02
S0501,Sai Pandey,A,2022-12-07
S0502,Harsh Chopra,A,2024-03-14
S0503,Muskan Tiwari,A,2023-06-14
S0504,Kunal Pandey,C,2024-06-20
S0505,Vansh Patel,F,2024-08-06
S0506,Arjun Verma,C,2022-12-15
S0507,Nikhil Yadav,E,2022-08-16
S0508,Krishna Kulkarni,B,2023-09-14
S0509,Muskan Singh,F,2023-08-28
S0510,Aditya Patel,B,2023-10-15
S0511,Neha Pandey,E,2022-09-03
S0512,Divya Chauhan,D,2023-01-31
S0513,Kavya Kulkarni,C,2023-12-25
S0514,Aishwarya Sharma,F,2023-01-08
S0515,Om Pandey,A,2023-07-18
S0516,Rohan Sharma,D,2023-12-29
S0517,Vivaan Kapoor,E,2023-12-29
S0518,Harsh Gupta,B,2023-04-18
S0519,Ira Tiwari,E,2023-09-23
S0520,Pooja Chauhan,E,2023-08-21
S0521,Divya Kapoor,F,2022-09-27
S0522,Ishaan Pandey,B,2024-05-04
S0523,Krishna Reddy,C,2024-05-10
S0524,Tanvi Malhotra,C,2022-12-11
S0525,Tanvi Iyer,D,2024-04-03
S0526,Arjun Singh,E,2023-08-27
S0527,Diya Pandey,C,2024-03-24
S0528,Arjun Tiwari,C,2022-11-02
S0529,Siddhi Tiwari,A,2024-07-01
S0530,Yash Kulkarni,C,2023-04-03
S0531,Ananya Pandey,A,2024-01-16
S0532,Harsh Joshi,D,2024-06-25
S0533,Neha Kapoor,B,2023-01-14
S0534,Ishaan Kulkarni,B,2022-12-16
S0535,Atharva Chauhan,E,2023-11-11
S0536,Priya Bansal,A,2023-09-04
S0537,Muskan Tiwari,F,2024-07-08
S0538,Arjun Kulkarni,A,2024-11-03
S0539,Ira Chopra,D,2023-12-15
S0540,Aarav Patel,F,2024-01-26
S0541,Sneha Gupta,D,2024-05-03
S0542,Nikhil Singh,F,2022-08-21
S0543,Siddhi Pandey,C,2022-07-19
S0544,Kunal Malhotra,E,2024-05-09
S0545,Aryan Joshi,B,2022-12-26
S0546,Kunal Tiwari,B,2023-10-05
S0547,Krishna Gupta,A,2024-02-19
S0548,Harsh Kulkarni,D,2023-02-11
S0549,Tejas Yadav,F,2024-10-16
S0550,Neha Verma,C,2023-03-14
S0551,Ishaan Yadav,B,2023-03-09
S0552,Muskan Yadav,A,2022-11-26
S0553,Yash Chauhan,D,2023-11-18
S0554,Sai Sharma,D,2022-09-27
S0555,Meera Chauhan,F,2024-04-05
S0556,Sai Mehta,B,2024-02-17
S0557,Priya Tiwari,D,2022-10-15
S0558,Ananya Yadav,A,2023-12-11
S0559,Neha Pandey,C,2024-08-21
S0560,Meera Iyer,A,2024-03-16
S0561,Muskan Singh,C,2024-07-10
S0562,Harsh Kapoor,A,2022-06-02
S0563,Yash Reddy,A,2024-10-02
S0564,Divya Verma,E,2024-02-16
S0565,Muskan Gupta,F,2024-05-10
S0566,Siddhi Chopra,D,2024-02-21
S0567,Aditya Kulkarni,E,2023-11-25
S0568,Muskan Tiwari,B,2024-03-09
S0569,Vansh Deshmukh,E,2024-05-07
S0570,Sneha Gupta,B,2023-08-18
S0571,Harsh Nair,E,2022-11-29
S0572,Muskan Kulkarni,A,2023-04-14
S0573,Ishaan Pandey,E,2024-03-01
S0574,Yash Tiwari,F,2024-02-05
S0575,Krishna Deshmukh,C,2023-12-12
S0576,Neha Patel,E,2023-02-14
S0577,Sanjay Kapoor,D,2024-02-28
S0578,Ira Chauhan,F,2023-10-08
S0579,Siddhi Iyer,D,2024-03-24
S0580,Tanvi Bansal,C,2022-10-22
S0581,Divya Pandey,A,2023-07-28
S0582,Harsh Gupta,B,2023-08-03
S0583,Krishna Yadav,C,2023-01-24
S0584,Ira Gupta,C,2024-07-10
S0585,Pooja Chopra,B,2022-10-25
S0586,Om Kapoor,D,2024-11-07
S0587,Tejas Malhotra,A,2022-10-11
S0588,Tejas Bansal,B,2023-09-21
S0589,Aditya Tiwari,B,2023-07-04
S0590,Muskan Chopra,A,2022-07-28
S0591,Nikhil Iyer,C,2024-01-26
S0592,Neha Patel,A,2023-03-17
S0593,Vansh Singh,A,2023-08-28
S0594,Ritika Mehta,B,2023-12-05
S0595,Aarav Kulkarni,B,2023-07-09
S0596,Diya Gupta,B,2024-09-06
S0597,Neha Kulkarni,E,2023-07-23
S0598,Muskan Sharma,E,2024-06-04
S0599,Tanvi Bansal,F,2024-06-09
S0600,Sai Pandey,F,2024-03-19
S0601,Diya Verma,E,2023-10-27
S0602,Sanjay Reddy,F,2023-08-24
S0603,Ananya Gupta,C,2022-12-20
S0604,Muskan Chopra,A,2024-01-03
S0605,Harsh Patel,D,2024-10-23
S0606,Om Patel,A,2023-02-03
S0607,Rahul Yadav,B,2023-08-22
S0608,Nikhil Tiwari,C,2023-03-24
S0609,Sneha Mehta,F,2024-04-24
S0610,Priya Chauhan,E,2024-09-05
S0611,Arjun Nair,A,2023-12-30
S0612,Rahul Nair,C,2023-03-06
S0613,Sai Nair,A,2022-12-05
S0614,Atharva Nair,A,2024-01-28
S0615,Harsh Sharma,B,2024-07-13
S0616,Sai Tiwari,E,2024-10-03
S0617,Neha Nair,E,2022-07-25
S0618,Aarav Singh,A,2024-10-03
S0619,Tejas Kulkarni,A,2023-10-25
S0620,Sanjay Patel,F,2023-02-09
S0621,Meera Joshi,A,2022-06-03
S0622,Harsh Mehta,E,2024-03-23
S0623,Tanvi Nair,F,2023-09-17
S0624,Sneha Sharma,F,2024-09-27
S0625,Sneha Bansal,B,2023-03-31
S0626,Priya Chopra,B,2023-04-15
S0627,Rohan Malhotra,D,2024-11-10
S0628,Ritika Tiwari,B,2024-03-25
S0629,Arjun Joshi,D,2022-11-20
S0630,Aditya Reddy,A,2024-01-22
S0631,Ananya Gupta,F,2023-07-28
S0632,Pooja Tiwari,F,2022-08-18
S0633,Meera Chopra,E,2023-04-27
S0634,Aditya Deshmukh,F,2022-11-24
S0635,Arjun Verma,D,2022-11-19
S0636,Neha Gupta,F,2023-10-14
S0637,Yash Yadav,B,2023-03-01
S0638,Siddhi Mehta,C,2024-06-03
S0639,Diya Verma,E,2022-07-10
S0640,Kavya Singh,F,2024-06-12
S0641,Siddhi Nair,A,2023-04-03
S0642,Aryan Reddy,E,2023-06-09
S0643,Ira Joshi,A,2024-06-07
S0644,Ritika Kulkarni,A,2022-12-15
S0645,Arjun Kapoor,E,2022-09-15
S0646,Kunal Tiwari,D,2024-08-08
S0647,Sanjay Reddy,E,2024-01-26
S0648,Tanvi Chopra,B,2024-10-19
S0649,Sai Yadav,B,2023-11-17
S0650,Muskan Iyer,B,2022-06-01
S0651,Muskan Sharma,B,2022-06-09
S0652,Muskan Bansal,D,2023-09-04
S0653,Siddhi Kulkarni,B,2024-02-08
S0654,Diya Chopra,D,2023-11-14
S0655,Ishaan Nair,A,2024-04-06
S0656,Aryan Tiwari,E,2024-03-01
S0657,Harsh Kapoor,F,2024-10-18
S0658,Ananya Nair,A,2022-12-11
S0659,Atharva Nair,A,2022-07-31
S0660,Yash Yadav,E,2024-10-31
S0661,Neha Joshi,A,2024-08-24
S0662,Siddhi Iyer,B,2023-05-25
S0663,Muskan Yadav,B,2024-05-05
S0664,Tejas Patel,B,2023-03-04
S0665,Muskan Malhotra,D,2023-06-13
S0666,Aarav Pandey,B,2023-09-23
S0667,Aishwarya Yadav,F,2022-08-10
S0668,Ira Singh,D,2023-10-16
S0669,Kavya Pandey,D,2024-11-17
S0670,Sai Yadav,E,2023-10-20
S0671,Muskan Sharma,B,2023-02-17
S0672,Yash Joshi,A,2023-02-24
S0673,Aishwarya Patel,E,2022-12-25
S0674,Tejas Deshmukh,E,2024-07-16
S0675,Nikhil Gupta,C,2023-02-17
S0676,Yash Nair,F,2024-03-11
S0677,Ira Kapoor,A,2024-01-29
S0678,Ishaan Malhotra,F,2023-11-22
S0679,Harsh Chauhan,B,2024-06-27
S0680,Ritika Chauhan,F,2023-04-01
S0681,Muskan Gupta,E,2023-09-01
S0682,Vivaan Singh,D,2023-02-20
S0683,Priya Pandey,F,2023-11-29
S0684,Ritika Chauhan,B,2024-06-25
S0685,Sneha Tiwari,F,2023-02-14
S0686,Tanvi Singh,F,2023-04-04
S0687,Nikhil Verma,E,2022-09-29
S0688,Aryan Verma,C,2024-06-16
S0689,Ira Gupta,B,2023-02-24
S0690,Tanvi Tiwari,B,2022-09-23
S0691,Ishaan Verma,A,2023-03-25
S0692,Atharva Kulkarni,C,2023-07-25
S0693,Arjun Kulkarni,B,2023-09-10
S0694,Divya Singh,F,2023-07-20
S0695,Ritika Bansal,D,2023-04-02
S0696,Aishwarya Sharma,E,2022-07-09
S0697,Atharva Pandey,A,2022-10-03
S0698,Om Yadav,A,2023-12-29
S0699,Diya Singh,B,2024-02-06
S0700,Rahul Joshi,A,2022-08-05
S0701,Sai Sharma,C,2024-07-18
S0702,Aishwarya Gupta,D,2022-08-15
S0703,Pooja Gupta,C,2022-08-29
S0704,Vansh Reddy,D,2022-12-03
S0705,Tanvi Chopra,D,2024-03-22
S0706,Harsh Mehta,C,2022-11-25
S0707,Meera Chopra,B,2023-08-30
S0708,Priya Reddy,B,2024-06-08
S0709,Aishwarya Iyer,A,2023-04-24
S0710,Tejas Pandey,E,2024-11-09
S0711,Muskan Bansal,B,2022-09-19
S0712,Aarav Chauhan,F,2023-09-01
S0713,Krishna Kapoor,E,2022-10-01
S0714,Rohan Pandey,D,2023-08-05
S0715,Krishna Chopra,A,2024-05-31
S0716,Krishna Pandey,F,2023-04-26
S0717,Sanjay Sharma,C,2022-12-06
S0718,Diya Chopra,E,2023-08-16
S0719,Arjun Chopra,A,2022-10-04
S0720,Priya Iyer,D,2024-05-20
S0721,Pooja Tiwari,C,2023-02-17
S0722,Nikhil Nair,D,2024-04-10
S0723,Sai Verma,F,2024-08-03
S0724,Divya Singh,B,2022-07-17
S0725,Kunal Sharma,F,2023-07-29
S0726,Kunal Pandey,E,2024-09-05
S0727,Rahul Malhotra,D,2024-10-07
S0728,Krishna Nair,B,2023-08-22
S0729,Sai Reddy,F,2023-07-16
S0730,Diya Chauhan,B,2022-08-12
S0731,Tejas Tiwari,F,2024-02-21
S0732,Vivaan Tiwari,F,2024-01-24
S0733,Rohan Chopra,B,2022-08-01
S0734,Atharva Singh,A,2022-09-18
S0735,Vansh Tiwari,F,2024-09-01
S0736,Nikhil Bansal,E,2023-02-11
S0737,Tejas Pandey,E,2024-07-17
S0738,Om Bansal,A,2024-11-12
S0739,Krishna Reddy,A,2023-03-09
S0740,Diya Malhotra,D,2022-06-07
S0741,Atharva Verma,C,2023-09-26
S0742,Arjun Chauhan,B,2024-08-03
S0743,Aditya Singh,C,2024-04-13
S0744,Kunal Kulkarni,D,2024-04-19
S0745,Krishna Chauhan,E,2023-01-02
S0746,Ishaan Chopra,D,2024-03-16
S0747,Yash Yadav,F,2022-06-22
S0748,Sanjay Kapoor,A,2023-01-01
S0749,Pooja Joshi,E,2024-05-21
S0750,Yash Iyer,B,2023-07-12
S0751,Arjun Tiwari,C,2022-07-14
S0752,Divya Gupta,E,2023-04-01
S0753,Yash Reddy,F,2023-05-30
S0754,Divya Patel,A,2022-08-03
S0755,Rahul Tiwari,B,2024-06-09
S0756,Aishwarya Chopra,B,2023-08-12
S0757,Diya Patel,C,2024-04-05
S0758,Neha Verma,C,2024-08-16
S0759,Yash Kapoor,D,2022-08-30
S0760,Divya Deshmukh,F,2022-07-21
S0761,Sanjay Reddy,F,2024-05-13
S0762,Tejas Kulkarni,B,2023-05-11
S0763,Ananya Chopra,B,2023-05-01
S0764,Kunal Malhotra,D,2024-05-12
S0765,Tanvi Mehta,F,2023-03-29
S0766,Ira Yadav,A,2023-12-27
S0767,Kunal Bansal,B,2023-07-10
S0768,Muskan Joshi,F,2023-10-19
S0769,Sai Chauhan,B,2024-05-20
S0770,Sanjay Nair,E,2024-05-11
S0771,Rahul Joshi,E,2023-07-27
S0772,Vivaan Malhotra,E,2023-03-28
S0773,Rohan Iyer,C,2022-07-11
S0774,Vivaan Bansal,A,2023-02-03
S0775,Ishaan Chopra,A,2023-09-18
S0776,Meera Joshi,A,2023-04-24
S0777,Arjun Deshmukh,E,2023-11-23
S0778,Nikhil Chopra,C,2022-10-25
S0779,Yash Bansal,C,2023-12-14
S0780,Aditya Sharma,A,2023-02-09
S0781,Priya Pandey,C,2022-07-18
S0782,Muskan Reddy,E,2023-05-17
S0783,Diya Singh,B,2023-12-18
S0784,Priya Nair,D,2024-02-16
S0785,Arjun Bansal,B,2023-01-16
S0786,Divya Malhotra,F,2023-09-15
S0787,Sai Bansal,E,2023-09-08
S0788,Priya Singh,E,2024-04-07
S0789,Rahul Verma,A,2024-08-03
S0790,Krishna Patel,E,2024-05-18
S0791,Rohan Mehta,C,2024-06-08
S0792,Diya Pandey,D,2022-11-12
S0793,Ishaan Bansal,F,2023-10-03
S0794,Muskan Singh,F,2022-10-17
S0795,Atharva Chopra,A,2024-06-04
S0796,Ira Yadav,D,2023-02-02
S0797,Aarav Mehta,C,2023-09-06
S0798,Aarav Kulkarni,E,2023-07-26
S0799,Tanvi Yadav,B,2023-12-09
S0800,Rohan Yadav,A,2023-02-19
S0801,Aishwarya Yadav,A,2023-11-06
S0802,Meera Iyer,F,2024-07-04
S0803,Muskan Chopra,E,2023-05-06
S0804,Vansh Tiwari,D,2023-06-13
S0805,Aryan Joshi,C,2022-10-15
S0806,Aishwarya Chopra,E,2024-06-09
S0807,Aishwarya Kulkarni,B,2024-04-12
S0808,Pooja Patel,F,2023-02-10
S0809,Rahul Chauhan,E,2023-02-12
S0810,Rohan Gupta,F,2024-01-20
S0811,Nikhil Chopra,C,2024-11-08
S0812,Om Mehta,F,2023-03-27
S0813,Vansh Kulkarni,E,2023-06-23
S0814,Vansh Kapoor,A,2023-02-16
S0815,Neha Kapoor,C,2023-11-22
S0816,Divya Sharma,A,2024-11-15
S0817,Ananya Patel,F,2022-12-09
S0818,Aarav Nair,B,2022-08-05
S0819,Rohan Patel,E,2022-07-02
S0820,Nikhil Pandey,C,2024-06-25
S0821,Sai Verma,F,2024-06-13
S0822,Divya Mehta,B,2023-01-31
S0823,Muskan Iyer,E,2024-05-12
S0824,Vivaan Kulkarni,C,2023-07-31
S0825,Tanvi Kapoor,F,2022-06-27
S0826,Muskan Bansal,B,2024-04-14
S0827,Yash Gupta,E,2022-11-09
S0828,Aarav Bansal,B,2022-08-26
S0829,Aarav Bansal,A,2023-11-06
S0830,Aishwarya Bansal,A,2022-08-03
S0831,Neha Reddy,B,2022-07-23
S0832,Ananya Nair,E,2023-07-26
S0833,Neha Yadav,A,2023-01-01
S0834,Arjun Kulkarni,E,2022-11-19
S0835,Ananya Chopra,D,2023-02-21
S0836,Harsh Mehta,D,2024-03-22
S0837,Tejas Sharma,A,2022-10-09
S0838,Sai Reddy,B,2022-10-10
S0839,Aditya Mehta,E,2023-06-18
S0840,Kavya Kapoor,C,2023-11-28
S0841,Aarav Kapoor,B,2023-10-08
S0842,Aryan Bansal,D,2023-09-20
S0843,Neha Yadav,E,2022-12-31
S0844,Krishna Singh,D,2024-01-17
S0845,Rahul Verma,D,2023-03-28
S0846,Krishna Malhotra,F,2023-08-09
S0847,Kunal Pandey,B,2022-10-02
S0848,Nikhil Kulkarni,B,2024-04-09
S0849,Krishna Deshmukh,D,2023-01-01
S0850,Sanjay Reddy,D,2024-09-19
S0851,Kunal Kulkarni,E,2023-08-10
S0852,Vansh Gupta,B,2023-02-21
S0853,Ira Kulkarni,B,2022-07-23
S0854,Divya Iyer,D,2024-04-05
S0855,Ira Singh,D,2024-03-20
S0856,Aditya Nair,D,2024-06-16
S0857,Ishaan Tiwari,E,2022-11-15
S0858,Priya Gupta,E,2024-02-21
S0859,Atharva Pandey,D,2024-10-11
S0860,Harsh Kulkarni,C,2023-12-01
S0861,Sneha Tiwari,D,2023-05-27
S0862,Sanjay Joshi,A,2024-11-14
S0863,Arjun Kapoor,D,2024-04-05
S0864,Aryan Kulkarni,A,2023-12-27
S0865,Kunal Bansal,C,2024-04-04
S0866,Aishwarya Yadav,A,2023-12-25
S0867,Pooja Bansal,B,2023-10-10
S0868,Siddhi Chauhan,B,2023-04-04
S0869,Vansh Verma,D,2024-10-26
S0870,Ritika Yadav,F,2023-09-24
S0871,Vansh Patel,C,2024-05-03
S0872,Pooja Chauhan,E,2024-04-17
S0873,Ira Gupta,F,2024-06-30
S0874,Harsh Sharma,A,2024-06-08
S0875,Muskan Chauhan,E,2023-03-13
S0876,Rahul Sharma,B,2022-12-24
S0877,Vansh Malhotra,B,2022-06-28
S0878,Aarav Iyer,E,2022-09-27
S0879,Kunal Patel,F,2023-02-07
S0880,Rohan Yadav,B,2022-08-26
S0881,Ritika Iyer,F,2023-05-08
S0882,Diya Pandey,D,2023-11-10
S0883,Kavya Sharma,A,2022-08-02
S0884,Ananya Mehta,D,2023-01-04
S0885,Sneha Singh,F,2023-01-31
S0886,Rohan Kapoor,F,2022-12-31
S0887,Ananya Chopra,C,2022-06-15
S0888,Tejas Deshmukh,E,2022-10-14
S0889,Priya Pandey,D,2022-11-24
S0890,Aditya Kapoor,C,2022-06-25
S0891,Meera Pandey,D,2023-12-01
S0892,Aditya Gupta,B,2022-11-21
S0893,Rahul Pandey,D,2022-08-15
S0894,Diya Pandey,A,2023-03-22
S0895,Rahul Kulkarni,A,2022-06-14
S0896,Tanvi Sharma,D,2024-10-19
S0897,Yash Bansal,E,2023-10-15
S0898,Pooja Mehta,A,2024-04-17
S0899,Priya Kapoor,D,2024-06-12
S0900,Om Deshmukh,B,2022-10-05
S0901,Divya Joshi,F,2023-11-07
S0902,Kunal Yadav,E,2024-09-01
S0903,Kavya Iyer,B,2022-10-08
S0904,Aditya Reddy,E,2022-08-15
S0905,Atharva Kapoor,D,2023-06-02
S0906,Aditya Gupta,A,2023-11-11
S0907,Nikhil Deshmukh,A,2022-06-27
S0908,Pooja Yadav,B,2023-04-04
S0909,Atharva Gupta,C,2022-11-13
S0910,Priya Pandey,F,2023-02-21
S0911,Sneha Yadav,D,2022-06-15
S0912,Ananya Kapoor,A,2023-02-16
S0913,Aryan Gupta,B,2024-02-29
S0914,Kunal Iyer,A,2023-02-01
S0915,Harsh Tiwari,D,2023-11-19
S0916,Meera Tiwari,B,2022-06-26
S0917,Nikhil Mehta,F,2023-03-17
S0918,Rohan Pandey,C,2023-09-16
S0919,Vivaan Gupta,D,2022-06-14
S0920,Krishna Iyer,B,2024-07-23
S0921,Meera Gupta,F,2024-02-06
S0922,Tejas Malhotra,B,2023-11-03
S0923,Sai Bansal,C,2024-01-11
S0924,Sneha Yadav,F,2022-08-07
S0925,Ishaan Yadav,E,2023-08-07
S0926,Muskan Pandey,E,2024-03-13
S0927,Ira Yadav,E,2023-05-05
S0928,Tejas Iyer,F,2022-12-29
S0929,Tejas Tiwari,A,2023-09-11
S0930,Neha Deshmukh,E,2022-11-27
S0931,Pooja Pandey,D,2023-01-01
S0932,Priya Joshi,E,2024-09-17
S0933,Divya Chauhan,E,2022-06-23
S0934,Aishwarya Sharma,F,2024-09-13
S0935,Sai Patel,E,2023-03-17
S0936,Diya Verma,C,2024-11-17
S0937,Tejas Deshmukh,E,2022-11-10
S0938,Priya Gupta,A,2024-09-11
S0939,Siddhi Kapoor,B,2024-04-13
S0940,Divya Malhotra,D,2023-04-20
S0941,Meera Verma,F,2023-06-28
S0942,Sai Malhotra,E,2024-10-09
S0943,Tejas Yadav,E,2023-01-17
S0944,Muskan Patel,A,2023-09-23
S0945,Sai Yadav,A,2024-02-06
S0946,Sanjay Deshmukh,C,2022-07-30
S0947,Harsh Verma,D,2024-08-31
S0948,Kunal Chopra,D,2023-01-26
S0949,Nikhil Tiwari,A,2023-10-12
S0950,Vivaan Reddy,D,2024-09-25
S0951,Vansh Sharma,B,2024-11-09
S0952,Tanvi Deshmukh,C,2022-08-25
S0953,Pooja Gupta,C,2024-11-10
S0954,Kunal Mehta,A,2023-11-27
S0955,Tanvi Bansal,E,2022-07-02
S0956,Aditya Chauhan,F,2023-12-14
S0957,Kavya Kulkarni,E,2024-10-08
S0958,Atharva Verma,F,2023-12-23
S0959,Tanvi Singh,E,2024-09-25
S0960,Ananya Kapoor,A,2023-11-03
S0961,Sanjay Mehta,A,2024-06-04
S0962,Meera Chauhan,C,2023-11-25
S0963,Sai Gupta,C,2024-11-05
S0964,Ira Chopra,A,2022-07-05
S0965,Ritika Bansal,B,2023-07-22
S0966,Aryan Iyer,F,2024-03-23
S0967,Meera Patel,F,2022-12-19
S0968,Ritika Mehta,C,2023-03-13
S0969,Yash Verma,D,2023-09-26
S0970,Atharva Verma,B,2023-06-11
S0971,Kunal Reddy,A,2024-05-06
S0972,Ira Chauhan,D,2022-08-02
S0973,Arjun Bansal,A,2024-10-31
S0974,Pooja Pandey,E,2023-01-02
S0975,Neha Malhotra,A,2023-07-24
S0976,Aarav Yadav,F,2024-05-22
S0977,Priya Sharma,A,2024-04-16
S0978,Ira Yadav,E,2023-05-29
S0979,Sanjay Kulkarni,B,2023-07-29
S0980,Sneha Kulkarni,E,2023-06-26
S0981,Ritika Singh,F,2024-04-27
S0982,Vivaan Bansal,C,2023-11-04
S0983,Krishna Patel,B,2023-05-25
S0984,Divya Yadav,C,2024-08-31
S0985,Krishna Deshmukh,C,2023-03-16
S0986,Vivaan Verma,B,2023-02-07
S0987,Siddhi Verma,F,2024-08-02
S0988,Priya Joshi,C,2024-03-09
S0989,Aishwarya Joshi,D,2024-09-11
S0990,Nikhil Deshmukh,E,2022-09-27
S0991,Sanjay Pandey,B,2024-09-03
S0992,Rahul Pandey,F,2023-11-13
S0993,Krishna Malhotra,D,2022-12-06
S0994,Ritika Yadav,C,2023-09-07
S0995,Harsh Chopra,C,2023-07-04
S0996,Rohan Gupta,D,2024-05-24
S0997,Siddhi Iyer,B,2023-05-07
S0998,Aditya Bansal,A,2024-08-14
S0999,Ira Bansal,C,2024-02-07
S1000,Neha Patel,F,2024-08-21
